metric,value
RMSE,28879.302527296237
RMSLE,0.14670969524376462
R2 Score,0.8912674517438874
